sku,descripcion,costo_directo_unitario,costo_perdida_unitario,p
739-120-035-000,POLEA DE RESCATE SIMPLE CON MOSQUETON 4t,412.65121846627153,61648.854411764696,43277.99345377517
739-110-014-000,POLEA DE RESCATE SIMPLE CON CONECTOR RAPIDO 4t,337.32194835394904,53785.888235294115,37751.318349212066
424-100-010-010,CINTA PLANA EE2-601 X 1m TIPO 3,10.867985401793822,1502.9782040816326,1055.345138477681
541-120-005-030,CINTA TUBULAR EE 5t X 3m,239.93149739799193,15782.213793103447,11119.52910439181
271-190-040-000,ANCLAJE SOLDABLE 8t,181.15146812198105,9144.406806282721,6455.430204834498
739-110-015-000,POLEA DE RESCATE SIMPLE CON CONECTOR RAPIDO 5t,988.7620596900111,77290.06744186046,54399.67582720932
901-170-060-000,WINCHE DE PALANCA 6t,1810.5086274314199,84517.09354838709,59705.11807210038
739-120-020-000,POLEA DE RESCATE SIMPLE CON MOSQUETON 2t,794.2271539039518,23076.080555555556,16391.524535060074
541-120-003-020,CINTA TUBULAR EE 3t X 2m,151.09786150587664,6731.873636363636,4757.640903906308
613-460-080-000,MOSQUETON DE SEGURO GIRATORIO G8 16mm,2831.694275012116,70563.37999999999,50243.874282503624
271-190-030-000,"ANCLAJE SOLDABLE 5,3t",297.2112213553034,5539.607339449541,3966.8885040212695
910-100-030-000,TENSOR CHICHARRA 1/2 - 5/8,372.00618022328547,12713.345454545455,9010.943672248803
613-460-100-000,MOSQUETON DE SEGURO GIRATORIO G8 20mm,4071.945156765328,112877.09999999999,80235.55354702959
424-100-020-060,CINTA PLANA EE2-602 X 6m TIPO 3,458.67757951498135,5624.971153846154,4075.083081546802
739-120-030-000,POLEA DE RESCATE SIMPLE CON MOSQUETON 3t,3354.8248792907652,63098.11304347825,45175.126594222
262-170-070-000,CUERDA G8 TRENZADO CORTO 13mm,170.36785239536457,5831.5102912367765,4133.167559584353
264-290-100-000,CRAMPON 10 PUNTAS CON ANTIBOTAS 2828 ALLOY STEEL,889.0572520711471,18910.183098591548,13503.845344635427
928-110-040-000,CINTA RATCHET DE EXPEDICION GDJ - GDJ 2 X 9m,238.34767453381698,3097.1293689320387,2239.494860612572
910-100-020-000,TENSOR CHICHARRA 3/8 - 1/2,338.7405975723789,8503.006,6053.726379271712
397-490-040-060,CINTA G8 QOSH4A 13mm X 6m,7014.973684210527,255001.25999999998,180605.37410526315
264-290-180-000,CRAMPON 10 PUNTAS CON ANTIBOTAS 2851 ALLOY STEEL,970.3934800124064,32022.986842105263,22707.208833477405
541-120-004-015,"CINTA TUBULAR EE 4t X 1,5m",250.53477443609023,7855.013571428572,5573.669932330828
901-170-030-000,"WINCHE DE PALANCA 1,5t",3287.6046136799923,41153.20384615385,29793.524076411686
264-240-160-000,CRAMPON 12 PUNTAS DOBLE CON ANTIBOTAS 4851 ALLOY STEEL,2623.905286228279,78701.42222222223,55878.16714142404
424-100-020-020,CINTA PLANA EE2-602 X 2m TIPO 3,283.2202999479291,2326.2071258907363,1713.311078107894
433-100-020-010,CINTA PLANA EE3-602 X 1m TIPO 3,395.55184867158096,3220.4554770318023,2372.984388523736
613-200-060-000,MOSQUETON CINTA DE ANCLAJE CONECTOR G8 13mm,324.08569667157224,4876.639459459459,3510.8733306230934
631-130-080-000,CONECTOR RAPIDO OVALADO ROSCADO 5/8,192.44480597718768,1378.50624,1022.6878097931562
424-100-020-040,CINTA PLANA EE2-602 X 4m TIPO 3,538.8867268025222,4092.971707317073,3026.7462131627076
901-140-020-000,WINCHE MANUAL 1t,2526.0311197000337,27229.832142857143,19818.69183591001
541-120-002-035,"CINTA TUBULAR EE 2t X 3,5m",308.3504916136495,8145.026373626373,5794.023609022555
433-100-030-080,CINTA PLANA EE3-603 X 8m TIPO 3,1169.0960280421662,15200.449999999999,10991.043808412649
424-100-020-015,"CINTA PLANA EE2-602 X 1,5m TIPO 3",325.25176837030847,2382.0913907284767,1765.039504021026
901-140-010-000,"WINCHE MANUAL 0,5t",2338.21115880398,25492.2,18546.003347641195
901-140-050-000,WINCHE MANUAL 3t,2894.9510404224493,45805.22,32932.13931212673
901-170-070-000,WINCHE DE PALANCA 9t,7014.973684210527,170027.475,121123.72460526315
631-130-140-000,CONECTOR RAPIDO OVALADO ROSCADO 1,653.6971755133246,4127.228571428571,3085.1691526539967
433-100-020-020,CINTA PLANA EE3-602 X 2m TIPO 3,672.0774955720548,3909.089820359281,2937.986122923113
694-190-020-000,ANCLA VERTICAL ARTICULADA 2t,1581.6722440240383,33374.14736842105,23836.404831101943
901-170-025-000,WINCHE DE PALANCA 1t,3130.537048552222,32366.73333333333,23595.874447898997
442-100-040-060,CINTA PLANA EE4-604 X 6m TIPO 3,3116.738464304667,32332.4,23567.7015392914
433-100-020-060,CINTA PLANA EE3-602 X 6m CON PROTECCION TUBULAR,1107.775505704325,9940.552631578947,7290.719493816559
901-170-020-000,"WINCHE DE PALANCA 0,75t",2862.343813069841,25094.495454545453,18424.84996210277
271-190-020-000,ANCLAJE SOLDABLE 3t,406.45110734734544,2955.456593406593,2190.754947588819
433-100-020-080,CINTA PLANA EE3-602 X 8m TIPO 3,876.7209629332938,11048.918749999999,7997.259413879987
901-140-040-000,WINCHE MANUAL 2t,3006.248071378298,37442.25,27111.449421413487
334-100-030-000,CONECTOR GIRATORIO G8 8mm,303.9957870650627,1766.1391752577317,1327.496158799931
631-130-100-000,CONECTOR RAPIDO OVALADO ROSCADO 3/4,527.5211264495885,2398.003448275862,1836.8587517279798
433-100-020-015,"CINTA PLANA EE3-602 X 1,5m TIPO 3",676.908241336695,4269.178947368421,3191.497735558903
739-110-012-000,POLEA DE RESCATE SIMPLE CON CONECTOR RAPIDO 2t,3069.0992394486825,28304.5125,20733.888521834604
613-450-040-000,MOSQUETON DE SEGURO CONECTOR G8 10mm,1375.4212378427953,8732.217647058824,6525.178724294015
424-100-020-010,CINTA PLANA EE2-602 X 1m TIPO 3,520.9138874413758,2163.44702970297,1670.6870870244918
433-100-020-030,CINTA PLANA EE3-602 X 3m TIPO 3,1173.1424776736421,6973.640322580645,5233.490969108544
442-100-020-020,CINTA PLANA EE4-602 X 2m TIPO 3,1002.066079695228,6688.857142857143,4982.819823908569
264-290-080-000,CRAMPON 10 PUNTAS CON ANTIBOTAS 2819 ALLOY STEEL,1438.7247315367697,13609.83,9958.49841946103
289-110-230-000,CARRO PORTA WINCHE DE ARRASTRE 2t,2579.887565752805,35700.92727272727,25764.61536063493
631-130-120-000,CONECTOR RAPIDO OVALADO ROSCADO 7/8,748.1946516672579,3222.2,2479.9983955001767
424-100-030-030,CINTA PLANA EE2-603 X 3m TIPO 3,1634.4912712885218,6415.004999999999,4980.850881386556
442-100-020-015,"CINTA PLANA EE4-602 X 1,5m TIPO 3",292.30934082835,3974.334375,2869.726864748505
541-120-002-030,CINTA TUBULAR EE 2t X 3m,761.2962266634859,9662.408108108108,6992.074543674721
613-460-040-000,MOSQUETON DE SEGURO GIRATORIO G8 10mm,1275.4497607655503,10833.181818181818,7965.862200956937
901-170-010-000,"WINCHE DE PALANCA 0,5t",4049.001307743056,25312.37142857143,18933.360392322917
298-110-060-000,CASQUILLO DE PRENSADO PARA CUERDA 3/4,120.04459413641266,840.1214634146341,624.0984026311677
613-460-060-000,MOSQUETON DE SEGURO GIRATORIO G8 13mm,3816.3701993093255,26122.66153846154,19430.774136715874
264-280-070-000,CRAMPON 10 PUNTAS CON ANTIBOTAS 1854 ALLOY STEEL,1122.764558394693,13275.204,9629.472167518408
901-140-030-000,"WINCHE MANUAL 1,5t",3507.4868421052633,32818.56,24025.238052631576
613-260-080-000,MOSQUETON GIRATORIO 10t,2806.152946581129,30270.78,22031.39188397434
424-100-020-030,CINTA PLANA EE2-602 X 3m TIPO 3,1170.6050871382865,3464.6825581395346,2776.45931683916
433-100-030-060,CINTA PLANA EE3-603 X 6m TIPO 3,1213.074397582398,10342.744444444445,7603.84343038583
928-110-010-000,"CINTA RATCHET DE EXPEDICION GDJ - GDJ 1 X 4,5m",722.4247884700163,1744.1283018867923,1437.6172478617593
