sku,descripcion,monto_total,dist_ganadora,dlt_media_val,dlt_sd,dlt_p50,dlt_p90,dlt_p95
739-120-035-000,POLEA DE RESCATE SIMPLE CON MOSQUETON 4t,41921221,gamma,6.389679664858008,9.131742585886633,3.1788814430950607,17.43571553454119,24.29166901885838
739-110-014-000,POLEA DE RESCATE SIMPLE CON CONECTOR RAPIDO 4t,39622271,lnorm,6.9033294303012855,22.979717140343073,1.0666171447038377,16.229727785116157,29.807405407617793
424-100-010-010,CINTA PLANA EE2-601 X 1m TIPO 3,18411483,lnorm,323.0742717045292,3973.684435482586,16.18479493688087,430.0986017987475,1018.4415728067887
541-120-005-030,CINTA TUBULAR EE 5t X 3m,12204912,lnorm,7.011085158291781,13.19088898827223,0,21.629856237445598,31.26738634137089
271-190-040-000,ANCLAJE SOLDABLE 8t,11643878,lnorm,10.958263146552884,31.932171178536198,0.5435591785943306,27.70332545565439,50.101678191033585
739-110-015-000,POLEA DE RESCATE SIMPLE CON CONECTOR RAPIDO 5t,11078243,lnorm,1.3415561809342842,4.287622233743229,0,3.6981243809667905,6.660328356970676
901-170-060-000,WINCHE DE PALANCA 6t,8733433,gamma,0.9553259797316754,1.6266138668491252,0,3.0514743898473817,4.233949872068915
739-120-020-000,POLEA DE RESCATE SIMPLE CON MOSQUETON 2t,8307389,lnorm,3.327228608155905,7.62137206790165,1.0357058145670588,8.4444099789253,13.968656211463374
541-120-003-020,CINTA TUBULAR EE 3t X 2m,7405061,lnorm,12.07614018946799,67.98777926924737,0.07672248842081424,23.7944581647767,49.27581803181348
613-460-080-000,MOSQUETON DE SEGURO GIRATORIO G8 16mm,7056338,lnorm,0.9257794451786361,1.1588300470833108,0.6152691186473888,2.3568922531138203,3.1094654253735308
271-190-030-000,"ANCLAJE SOLDABLE 5,3t",6038172,lnorm,9.8681837201876,21.88857069724731,3.3657160101943404,23.92006236409474,39.78306992976084
910-100-030-000,TENSOR CHICHARRA 1/2 - 5/8,5593872,normal,4.11992470587506,6.796661897801814,0,13.617457719287549,18.75435168520772
613-460-100-000,MOSQUETON DE SEGURO GIRATORIO G8 20mm,5267598,lnorm,0.4329893645094634,0.7261503171172319,0,1.3180340787813747,1.875360347418361
424-100-020-060,CINTA PLANA EE2-602 X 6m TIPO 3,4874975,gamma,8.078363741900505,8.465086021724563,5.527624650974666,18.513415512940828,24.987648935810427
739-120-030-000,POLEA DE RESCATE SIMPLE CON MOSQUETON 3t,4837522,gamma,0.7098611861597817,0.8149917613884682,0.508806880672803,1.836450233137043,2.3251486892090836
262-170-070-000,CUERDA G8 TRENZADO CORTO 13mm,4801276.806451613,gamma,7.722495032178398,20.805589181510477,0,24.650851503122727,44.41263523830682
264-290-100-000,CRAMPON 10 PUNTAS CON ANTIBOTAS 2828 ALLOY STEEL,4475410,gamma,2.182408524357692,3.5143202224140917,0,6.59663229650954,9.18469736479036
928-110-040-000,CINTA RATCHET DE EXPEDICION GDJ - GDJ 2 X 9m,4253391,gamma,12.740472454249053,14.32431526749998,8.732448514471235,30.310292140409647,40.51715174283259
910-100-020-000,TENSOR CHICHARRA 3/8 - 1/2,4251503,lnorm,5.277025570903995,15.640227253648437,0,13.960050184349932,24.870030006405546
397-490-040-060,CINTA G8 QOSH4A 13mm X 6m,4250021,constante,0.15123,0.28578194641851773,0,0.5,1
264-290-180-000,CRAMPON 10 PUNTAS CON ANTIBOTAS 2851 ALLOY STEEL,4056245,lnorm,1.1347012618723862,2.883517786406096,0,3.770646060934904,6.2966703918836755
541-120-004-015,"CINTA TUBULAR EE 4t X 1,5m",3665673,normal,4.311545527273299,8.596133381404861,0,16.55232940200906,23.036312789361926
901-170-030-000,"WINCHE DE PALANCA 1,5t",3566611,lnorm,0.7744686046770439,1.0654123948055219,0.4772689285791545,1.959303456434607,2.7199464388629053
264-240-160-000,CRAMPON 12 PUNTAS DOBLE CON ANTIBOTAS 4851 ALLOY STEEL,3541564,lnorm,0.4256457289474314,1.0749226267972887,0,1.4542874391498122,2.3274431179234645
424-100-020-020,CINTA PLANA EE2-602 X 2m TIPO 3,3264444,gamma,13.202511384423644,17.082941409685304,7.506577430862298,32.62443399065609,47.07446886202819
433-100-020-010,CINTA PLANA EE3-602 X 1m TIPO 3,3037963,lnorm,8.201283376429823,35.095573964184865,2.3618528962155474,18.838991671271142,31.97219155037103
613-200-060-000,MOSQUETON CINTA DE ANCLAJE CONECTOR G8 13mm,3007261,lnorm,5.917531347494965,16.844245154515765,0,14.662706943029828,28.201436639203926
631-130-080-000,CONECTOR RAPIDO OVALADO ROSCADO 5/8,2871888,lnorm,18.715428172070247,38.34888138970364,7.761389444498761,43.18552680085667,70.1290745363617
424-100-020-040,CINTA PLANA EE2-602 X 4m TIPO 3,2796864,lnorm,6.367636309276641,8.74598818154745,3.72194451479038,14.74832042790227,21.418398071940803
901-140-020-000,WINCHE MANUAL 1t,2541451,lnorm,0.8270036330302551,1.2760746097308646,0.3354762674701111,2.384289038208687,3.2786799725498166
541-120-002-035,"CINTA TUBULAR EE 2t X 3,5m",2470658,normal,2.927915438822389,7.223475179995096,0,12.045123683894483,18.38072425572222
433-100-030-080,CINTA PLANA EE3-603 X 8m TIPO 3,2432072,gamma,1.5216499320953965,2.647409185394478,0,4.898239509685207,6.950701082843397
424-100-020-015,"CINTA PLANA EE2-602 X 1,5m TIPO 3",2397972,gamma,9.365213784212749,13.273033253409338,4.833471607584459,24.499402895699237,34.72535291883266
901-140-010-000,"WINCHE MANUAL 0,5t",2294298,gamma,0.8116485179529823,1.1611779145706902,0,2.3524878579664676,3.232480309813368
901-140-050-000,WINCHE MANUAL 3t,2290261,lnorm,0.4614322693235071,1.1258252803979814,0,1.4503892996201275,2.3078534677653533
901-170-070-000,WINCHE DE PALANCA 9t,2267033,constante,0.12564,0.26766475582119054,0,0.5,1
631-130-140-000,CONECTOR RAPIDO OVALADO ROSCADO 1,2214946,gamma,4.946920976241209,5.3859065414492235,3.381491246667074,11.859744222475006,15.497730186569436
433-100-020-020,CINTA PLANA EE3-602 X 2m TIPO 3,2176060,gamma,5.175851592982115,6.021544999219675,3.3191404479226643,12.408911271602472,16.91557673534209
694-190-020-000,ANCLA VERTICAL ARTICULADA 2t,2113696,lnorm,0.5615647257556691,1.7388359286483137,0,1.8254300562364265,3.3874618025144563
901-170-025-000,WINCHE DE PALANCA 1t,1942004,lnorm,0.54413897906319,0.9962971114994269,0,1.6697532363778949,2.4390905513091234
442-100-040-060,CINTA PLANA EE4-604 X 6m TIPO 3,1939944,lnorm,0.5585922842270322,0.9574134273598377,0,1.7080995694962693,2.424906724269271
433-100-020-060,CINTA PLANA EE3-602 X 6m CON PROTECCION TUBULAR,1888705,gamma,1.7957028485524973,2.924893602250191,0.11216622393424305,5.437635380581572,7.598352659110097
901-170-020-000,"WINCHE DE PALANCA 0,75t",1840263,lnorm,0.69233271666847,1.063648409591517,0.17156812939698987,1.9930363719798683,2.6386949654002203
271-190-020-000,ANCLAJE SOLDABLE 3t,1792977,lnorm,5.36656172630038,9.259723354917005,1.8800844852848628,14.911137434417729,22.05021331056073
433-100-020-080,CINTA PLANA EE3-602 X 8m TIPO 3,1767827,gamma,1.484534885793918,3.2795823635728834,0,5.201367961137684,8.198323071449632
901-140-040-000,WINCHE MANUAL 2t,1747305,gamma,0.43495391332284944,0.7945181957612016,0,1.5074424325511566,2.125669026341065
334-100-030-000,CONECTOR GIRATORIO G8 8mm,1713155,lnorm,7.107487209041099,24.056587228333502,0.8392674550623354,16.762988292098516,29.70320099693236
631-130-100-000,CONECTOR RAPIDO OVALADO ROSCADO 3/4,1622649,lnorm,6.191610660444785,6.837152228806758,4.379315438621845,14.103685945959858,18.98915933735126
433-100-020-015,"CINTA PLANA EE3-602 X 1,5m TIPO 3",1622288,gamma,3.502927620457894,4.681003570533581,1.907187418188689,9.600443913623014,12.913292078363174
739-110-012-000,POLEA DE RESCATE SIMPLE CON CONECTOR RAPIDO 2t,1509574,gamma,0.4923974444211193,0.8118697411111931,0,1.6148825323392009,2.202143315221194
613-450-040-000,MOSQUETON DE SEGURO CONECTOR G8 10mm,1484477,gamma,1.6137916194266997,2.4572415177283276,0.6183272828372086,4.578424978506944,6.487173963276419
424-100-020-010,CINTA PLANA EE2-602 X 1m TIPO 3,1456721,normal,6.279446440197197,5.908721253336981,4.946887682140815,14.247769160379905,18.101577413644407
433-100-020-030,CINTA PLANA EE3-602 X 3m TIPO 3,1441219,lnorm,1.831853340459984,3.170709684053116,0.6125760748419902,5.265439148521757,7.5748767184603185
442-100-020-020,CINTA PLANA EE4-602 X 2m TIPO 3,1404660,gamma,1.8962838513682228,2.970810252894364,0,5.658934782468429,7.794034054818511
264-290-080-000,CRAMPON 10 PUNTAS CON ANTIBOTAS 2819 ALLOY STEEL,1360983,lnorm,0.8808670025607598,3.4894743994919275,0,2.3061788337358125,4.215253607690202
289-110-230-000,CARRO PORTA WINCHE DE ARRASTRE 2t,1309034,lnorm,0.32738210223632935,0.89246582790782,0,1.1828196059531795,2.0004923507255286
631-130-120-000,CONECTOR RAPIDO OVALADO ROSCADO 7/8,1288880,lnorm,3.8228865817019915,5.100403340817029,2.3487261203635796,9.47562003936096,13.384283163990744
424-100-030-030,CINTA PLANA EE2-603 X 3m TIPO 3,1283001,lnorm,1.8509241790343443,2.0040591717778633,1.3670063361436893,4.220538727061259,5.599315687373226
442-100-020-015,"CINTA PLANA EE4-602 X 1,5m TIPO 3",1271787,gamma,3.048849651950573,9.751437029029082,0,9.190767704118278,19.204230357841926
541-120-002-030,CINTA TUBULAR EE 2t X 3m,1191697,lnorm,1.173192201713399,2.6665512817430304,0,4.815502878125423,7.156943214511891
613-460-040-000,MOSQUETON DE SEGURO GIRATORIO G8 10mm,1191650,normal,1.0194239602749469,1.7002995996457764,0,3.2091786177901764,5.227890995261809
901-170-010-000,"WINCHE DE PALANCA 0,5t",1181244,lnorm,0.4290610543214918,0.6907715257688951,0,1.3049684444603884,1.813069845023091
298-110-060-000,CASQUILLO DE PRENSADO PARA CUERDA 3/4,1148166,lnorm,12.657193535673825,20.610820364523057,0,41.69145331557912,55.630878778403094
613-460-060-000,MOSQUETON DE SEGURO GIRATORIO G8 13mm,1131982,lnorm,0.40963016707494965,0.7539657295646104,0,1.3100520419764003,1.8999715154869743
264-280-070-000,CRAMPON 10 PUNTAS CON ANTIBOTAS 1854 ALLOY STEEL,1106267,lnorm,0.7935200655904339,1.7207175668105399,0,3.2612874005906902,5.0938173784928695
901-140-030-000,"WINCHE MANUAL 1,5t",1093952,normal,0.30340217523895247,0.608825066505627,0,1.1763590292177344,1.6700509607606375
613-260-080-000,MOSQUETON GIRATORIO 10t,1009026,gamma,0.30096069773554346,0.8068707648631477,0,1.1464500848929666,1.9143576489453829
424-100-020-030,CINTA PLANA EE2-602 X 3m TIPO 3,993209,lnorm,2.6000798250309143,2.815750026185929,1.911522774123,6.048363801540484,7.965861477166407
433-100-030-060,CINTA PLANA EE3-603 X 6m TIPO 3,930847,lnorm,0.9547202534942811,3.1105715119477995,0,2.6422027906721794,5.13601689501274
928-110-010-000,"CINTA RATCHET DE EXPEDICION GDJ - GDJ 1 X 4,5m",924388,lnorm,4.940640103304906,7.147834979494233,2.7752588456135046,11.620022891074079,17.0573060686008
