sku,descripcion,K,h,p,s_opt,S_opt,costo_opt,nivel_servicio_opt,cumple_objetivo
739-120-035-000,POLEA DE RESCATE SIMPLE CON MOSQUETON 4t,10909.992753623188,4109.92362745098,43277.99345377517,24,28,101915.92097712985,0.9515371528423903,TRUE
739-110-014-000,POLEA DE RESCATE SIMPLE CON CONECTOR RAPIDO 4t,10909.992753623188,3585.725882352941,37751.318349212066,36,37,124824.76947851441,0.9520088910156661,TRUE
424-100-010-010,CINTA PLANA EE2-601 X 1m TIPO 3,10909.992753623188,100.19854693877551,1055.345138477681,2256,2303,230238.43437861695,0.9213292512093715,FALSE
541-120-005-030,CINTA TUBULAR EE 5t X 3m,10909.992753623188,1052.1475862068964,11119.52910439181,32,37,38178.4691933595,0.9550150292413827,TRUE
271-190-040-000,ANCLAJE SOLDABLE 8t,10909.992753623188,609.6271204188481,6455.430204834498,64,70,43325.27650336822,0.9519829518048135,TRUE
739-110-015-000,POLEA DE RESCATE SIMPLE CON CONECTOR RAPIDO 5t,10909.992753623188,5152.671162790698,54399.67582720932,18,20,100606.45494857366,0.9504698016658149,TRUE
901-170-060-000,WINCHE DE PALANCA 6t,10909.992753623188,5634.4729032258065,59705.11807210038,6,8,43928.643619905764,0.9553527606161136,TRUE
739-120-020-000,POLEA DE RESCATE SIMPLE CON MOSQUETON 2t,10909.992753623188,1538.4053703703705,16391.524535060074,24,25,41971.45367620784,0.9518443115561963,TRUE
541-120-003-020,CINTA TUBULAR EE 3t X 2m,10909.992753623188,448.7915757575758,4757.640903906308,96,98,45936.73663930442,0.9527379096964051,TRUE
613-460-080-000,MOSQUETON DE SEGURO GIRATORIO G8 16mm,10909.992753623188,4704.225333333334,50243.874282503624,3,6,25803.55896722821,0.9540120474068418,TRUE
271-190-030-000,"ANCLAJE SOLDABLE 5,3t",10909.992753623188,369.3071559633027,3966.8885040212695,35,41,19185.84984710741,0.9526010927551952,TRUE
910-100-030-000,TENSOR CHICHARRA 1/2 - 5/8,10909.992753623188,847.5563636363637,9010.943672248803,18,25,22084.115088651168,0.9549015912763616,TRUE
613-460-100-000,MOSQUETON DE SEGURO GIRATORIO G8 20mm,10909.992753623188,7525.14,80235.55354702959,16,17,129659.87733319725,0.9502887695690394,TRUE
424-100-020-060,CINTA PLANA EE2-602 X 6m TIPO 3,10909.992753623188,374.99807692307695,4075.083081546802,20,37,15370.347502036884,0.9536990124901531,TRUE
739-120-030-000,POLEA DE RESCATE SIMPLE CON MOSQUETON 3t,10909.992753623188,4206.540869565218,45175.126594222,2,3,15863.645981330808,0.9688091768644711,TRUE
262-170-070-000,CUERDA G8 TRENZADO CORTO 13mm,10909.992753623188,388.76735274911846,4133.167559584353,48,53,21939.364666239755,0.9526647374170178,TRUE
264-290-100-000,CRAMPON 10 PUNTAS CON ANTIBOTAS 2828 ALLOY STEEL,10909.992753623188,1260.6788732394366,13503.845344635427,10,15,20116.964578087245,0.9523544310317342,TRUE
928-110-040-000,CINTA RATCHET DE EXPEDICION GDJ - GDJ 2 X 9m,10909.992753623188,206.4752912621359,2239.494860612572,36,62,14627.187910327213,0.9600484750021206,TRUE
910-100-020-000,TENSOR CHICHARRA 3/8 - 1/2,10909.992753623188,566.8670666666667,6053.726379271712,33,34,22507.034969826014,0.9508185231326052,TRUE
397-490-040-060,CINTA G8 QOSH4A 13mm X 6m,10909.992753623188,17000.084,180605.37410526315,0,1,15308.391987117551,1,TRUE
264-290-180-000,CRAMPON 10 PUNTAS CON ANTIBOTAS 2851 ALLOY STEEL,10909.992753623188,2134.8657894736843,22707.208833477405,11,14,30431.599948203537,0.9511643597014717,TRUE
541-120-004-015,"CINTA TUBULAR EE 4t X 1,5m",10909.992753623188,523.6675714285715,5573.669932330828,22,33,18221.248601083666,0.9543523241799123,TRUE
901-170-030-000,"WINCHE DE PALANCA 1,5t",10909.992753623188,2743.546923076923,29793.524076411686,10,11,35540.86373754872,0.9505296770919995,TRUE
264-240-160-000,CRAMPON 12 PUNTAS DOBLE CON ANTIBOTAS 4851 ALLOY STEEL,10909.992753623188,5246.761481481482,55878.16714142404,9,10,53538.24530018053,0.9526612400735351,TRUE
424-100-020-020,CINTA PLANA EE2-602 X 2m TIPO 3,10909.992753623188,155.08047505938242,1713.311078107894,54,74,15349.823805362816,0.9517299041781894,TRUE
433-100-020-010,CINTA PLANA EE3-602 X 1m TIPO 3,10909.992753623188,214.69703180212014,2372.984388523736,36,45,13204.106847384648,0.9528781730537652,TRUE
613-200-060-000,MOSQUETON CINTA DE ANCLAJE CONECTOR G8 13mm,10909.992753623188,325.1092972972973,3510.8733306230934,33,37,15406.451207050595,0.9518817598237241,TRUE
631-130-080-000,CONECTOR RAPIDO OVALADO ROSCADO 5/8,10909.992753623188,91.900416,1022.6878097931562,90,120,14358.37608015429,0.9500741912546031,TRUE
424-100-020-040,CINTA PLANA EE2-602 X 4m TIPO 3,10909.992753623188,272.8647804878049,3026.7462131627076,21,37,12046.74547427002,0.9547713115568912,TRUE
901-140-020-000,WINCHE MANUAL 1t,10909.992753623188,1815.322142857143,19818.69183591001,5,9,16254.600526822724,0.951767062763959,TRUE
541-120-002-035,"CINTA TUBULAR EE 2t X 3,5m",10909.992753623188,543.0017582417582,5794.023609022555,24,33,18612.614591777034,0.9529847564589403,TRUE
433-100-030-080,CINTA PLANA EE3-603 X 8m TIPO 3,10909.992753623188,1013.3633333333333,10991.043808412649,9,13,15072.152430411361,0.9518486437554374,TRUE
424-100-020-015,"CINTA PLANA EE2-602 X 1,5m TIPO 3",10909.992753623188,158.80609271523178,1765.039504021026,32,49,11218.647903827572,0.9515804887555206,TRUE
901-140-010-000,"WINCHE MANUAL 0,5t",10909.992753623188,1699.48,18546.003347641195,2,8,11409.262861981733,0.9521565981294685,TRUE
901-140-050-000,WINCHE MANUAL 3t,10909.992753623188,3053.6813333333334,32932.13931212673,26,27,84564.49660832618,0.9510222223509437,TRUE
901-170-070-000,WINCHE DE PALANCA 9t,10909.992753623188,11335.165,121123.72460526315,0,1,11240.682278582932,1,TRUE
631-130-140-000,CONECTOR RAPIDO OVALADO ROSCADO 1,10909.992753623188,275.1485714285714,3085.1691526539967,12,34,9503.783481748329,0.9544790250250094,TRUE
433-100-020-020,CINTA PLANA EE3-602 X 2m TIPO 3,10909.992753623188,260.6059880239521,2937.986122923113,18,37,10642.87941981743,0.9585452314944429,TRUE
694-190-020-000,ANCLA VERTICAL ARTICULADA 2t,10909.992753623188,2224.943157894737,23836.404831101943,11,12,28160.569390750148,0.95165536357739,TRUE
901-170-025-000,WINCHE DE PALANCA 1t,10909.992753623188,2157.782222222222,23595.874447898997,8,9,23260.616170164405,0.9505842165272845,TRUE
442-100-040-060,CINTA PLANA EE4-604 X 6m TIPO 3,10909.992753623188,2155.4933333333333,23567.7015392914,3,6,13239.769520765467,0.9508238047870566,TRUE
433-100-020-060,CINTA PLANA EE3-602 X 6m CON PROTECCION TUBULAR,10909.992753623188,662.7035087719298,7290.719493816559,8,15,11071.468048190536,0.952530774794633,TRUE
901-170-020-000,"WINCHE DE PALANCA 0,75t",10909.992753623188,1672.9663636363637,18424.84996210277,2,7,10285.937919436637,0.9554728666549179,TRUE
271-190-020-000,ANCLAJE SOLDABLE 3t,10909.992753623188,197.03043956043956,2190.754947588819,24,40,9750.422485803641,0.9541457869410394,TRUE
433-100-020-080,CINTA PLANA EE3-602 X 8m TIPO 3,10909.992753623188,736.5945833333333,7997.259413879987,12,18,14156.292665003304,0.9500944481002842,TRUE
901-140-040-000,WINCHE MANUAL 2t,10909.992753623188,2496.15,27111.449421413487,2,4,11302.303818551642,0.9729461020664765,TRUE
334-100-030-000,CONECTOR GIRATORIO G8 8mm,10909.992753623188,117.74261168384879,1327.496158799931,40,53,8769.3050547059,0.9516348462475174,TRUE
631-130-100-000,CONECTOR RAPIDO OVALADO ROSCADO 3/4,10909.992753623188,159.86689655172412,1836.8587517279798,12,52,7554.057418908271,0.9512542876201673,TRUE
433-100-020-015,"CINTA PLANA EE3-602 X 1,5m TIPO 3",10909.992753623188,284.6119298245614,3191.497735558903,10,31,8485.997125474112,0.9524844696285374,TRUE
739-110-012-000,POLEA DE RESCATE SIMPLE CON CONECTOR RAPIDO 2t,10909.992753623188,1886.9675,20733.888521834604,1,6,9172.947749445777,0.9512083835702374,TRUE
613-450-040-000,MOSQUETON DE SEGURO CONECTOR G8 10mm,10909.992753623188,582.1478431372549,6525.178724294015,7,17,9725.26760639391,0.9502874014300319,TRUE
424-100-020-010,CINTA PLANA EE2-602 X 1m TIPO 3,10909.992753623188,144.22980198019803,1670.6870870244918,15,43,7757.188487116187,0.9505491156019159,TRUE
433-100-020-030,CINTA PLANA EE3-602 X 3m TIPO 3,10909.992753623188,464.9093548387097,5233.490969108544,9,20,9354.381765591148,0.9501707498265425,TRUE
442-100-020-020,CINTA PLANA EE4-602 X 2m TIPO 3,10909.992753623188,445.92380952380955,4982.819823908569,7,19,8469.058538405989,0.9517320847963477,TRUE
264-290-080-000,CRAMPON 10 PUNTAS CON ANTIBOTAS 2819 ALLOY STEEL,10909.992753623188,907.322,9958.49841946103,30,31,31355.02673071047,0.9302681483473102,FALSE
289-110-230-000,CARRO PORTA WINCHE DE ARRASTRE 2t,10909.992753623188,2380.061818181818,25764.61536063493,5,7,17425.59531521737,0.9528136941137985,TRUE
631-130-120-000,CONECTOR RAPIDO OVALADO ROSCADO 7/8,10909.992753623188,214.81333333333333,2479.9983955001767,10,39,7438.622748815464,0.9508649437002162,TRUE
424-100-030-030,CINTA PLANA EE2-603 X 3m TIPO 3,10909.992753623188,427.667,4980.850881386556,3,15,6452.939303454199,0.9518599160783793,TRUE
442-100-020-015,"CINTA PLANA EE4-602 X 1,5m TIPO 3",10909.992753623188,264.955625,2869.726864748505,36,41,12296.791208666862,0.95281879156503,TRUE
541-120-002-030,CINTA TUBULAR EE 2t X 3m,10909.992753623188,644.1605405405405,6992.074543674721,7,12,9410.775428878085,0.9559846855154976,TRUE
613-460-040-000,MOSQUETON DE SEGURO GIRATORIO G8 10mm,10909.992753623188,722.2121212121212,7965.862200956937,3,6,6934.491723048161,0.9818668104913688,TRUE
901-170-010-000,"WINCHE DE PALANCA 0,5t",10909.992753623188,1687.4914285714287,18933.360392322917,2,5,8839.776745230198,0.9549683371208904,TRUE
298-110-060-000,CASQUILLO DE PRENSADO PARA CUERDA 3/4,10909.992753623188,56.008097560975614,624.0984026311677,48,110,7180.448429537917,0.9573809668714687,TRUE
613-460-060-000,MOSQUETON DE SEGURO GIRATORIO G8 13mm,10909.992753623188,1741.5107692307695,19430.774136715874,6,7,15870.806285331713,0.9505779040529589,TRUE
264-280-070-000,CRAMPON 10 PUNTAS CON ANTIBOTAS 1854 ALLOY STEEL,10909.992753623188,885.0136,9629.472167518408,3,7,7752.307313650852,0.9750985954858954,TRUE
901-140-030-000,"WINCHE MANUAL 1,5t",10909.992753623188,2187.904,24025.238052631576,1,3,8109.925330760009,0.9559189669028777,TRUE
613-260-080-000,MOSQUETON GIRATORIO 10t,10909.992753623188,2018.0520000000001,22031.39188397434,34,35,72299.62303018717,0.9501056822161598,TRUE
424-100-020-030,CINTA PLANA EE2-602 X 3m TIPO 3,10909.992753623188,230.97883720930233,2776.45931683916,4,25,5450.4280902052615,0.9542530302727162,TRUE
433-100-030-060,CINTA PLANA EE3-603 X 6m TIPO 3,10909.992753623188,689.5162962962963,7603.84343038583,22,23,18364.068161478677,0.9524695333180392,TRUE
928-110-010-000,"CINTA RATCHET DE EXPEDICION GDJ - GDJ 1 X 4,5m",10909.992753623188,116.27522012578616,1437.6172478617593,15,49,5990.193419503064,0.9501021046184637,TRUE
