sku,descripcion,S_actual,en_inventario_marzo2026,costo_actual,nivel_servicio_actual,s_opt,S_opt,costo_opt,nivel_servicio_opt,ahorro_costo_pct,mejora_servicio_pp
739-120-035-000,POLEA DE RESCATE SIMPLE CON MOSQUETON 4t,0,FALSE,490477.1416275086,0,24,28,101915.92097712985,0.9515371528423903,0.7922106611554803,95.15371528423903
739-110-014-000,POLEA DE RESCATE SIMPLE CON CONECTOR RAPIDO 4t,7,TRUE,89853.26923516023,0.5910140060062159,36,37,124824.76947851441,0.9520088910156661,-0.3892067649962544,36.09948850094502
424-100-010-010,CINTA PLANA EE2-601 X 1m TIPO 3,0,FALSE,605506.7532332985,0,2256,2303,230238.43437861695,0.9213292512093715,0.6197590974019949,92.13292512093714
541-120-005-030,CINTA TUBULAR EE 5t X 3m,0,FALSE,144491.61974989696,0,32,37,38178.4691933595,0.9550150292413827,0.7357738167829853,95.50150292413826
271-190-040-000,ANCLAJE SOLDABLE 8t,99,TRUE,54564.43238814175,0.7790258672185858,64,70,43325.27650336822,0.9519829518048135,0.2059795253586489,17.295708458622773
739-110-015-000,POLEA DE RESCATE SIMPLE CON CONECTOR RAPIDO 5t,5,TRUE,57062.86262543444,0.5858104131091959,18,20,100606.45494857366,0.9504698016658149,-0.7630811059894265,36.465938855661896
901-170-060-000,WINCHE DE PALANCA 6t,1,TRUE,77401.16183159305,0.2765346579580271,6,8,43928.643619905764,0.9553527606161136,0.432454984132095,67.88181026580865
739-120-020-000,POLEA DE RESCATE SIMPLE CON MOSQUETON 2t,20,TRUE,38943.72110256421,0.7419926386990183,24,25,41971.45367620784,0.9518443115561963,-0.07774636033546045,20.9851672857178
541-120-003-020,CINTA TUBULAR EE 3t X 2m,0,FALSE,110440.76139531695,0,96,98,45936.73663930442,0.9527379096964051,0.5840599425525846,95.27379096964052
613-460-080-000,MOSQUETON DE SEGURO GIRATORIO G8 16mm,0,FALSE,82979.63966773612,0,3,6,25803.55896722821,0.9540120474068418,0.6890374666538704,95.40120474068418
271-190-030-000,"ANCLAJE SOLDABLE 5,3t",52,TRUE,24139.123075298172,0.764982028535502,35,41,19185.84984710741,0.9526010927551952,0.2051969001831513,18.76190642196932
910-100-030-000,TENSOR CHICHARRA 1/2 - 5/8,4,TRUE,22933.192754560925,0.4521543741602677,18,25,22084.115088651168,0.9549015912763616,0.03702396238486653,50.274721711609395
613-460-100-000,MOSQUETON DE SEGURO GIRATORIO G8 20mm,0,FALSE,61433.95300731889,0,16,17,129659.87733319725,0.9502887695690394,-1.1105572893502442,95.02887695690394
424-100-020-060,CINTA PLANA EE2-602 X 6m TIPO 3,0,FALSE,58861.51254660079,0,20,37,15370.347502036884,0.9536990124901531,0.7388727058301782,95.36990124901531
739-120-030-000,POLEA DE RESCATE SIMPLE CON MOSQUETON 3t,0,FALSE,57726.569477612284,0,2,3,15863.645981330808,0.9688091768644711,0.725193336016908,96.8809176864471
262-170-070-000,CUERDA G8 TRENZADO CORTO 13mm,0,FALSE,56728.3503612167,0,48,53,21939.364666239755,0.9526647374170178,0.6132557261661715,95.26647374170179
264-290-100-000,CRAMPON 10 PUNTAS CON ANTIBOTAS 2828 ALLOY STEEL,43,TRUE,33149.41665828173,0.8888781928923253,10,15,20116.964578087245,0.9523544310317342,0.39314272750373064,6.347623813940895
928-110-040-000,CINTA RATCHET DE EXPEDICION GDJ - GDJ 2 X 9m,1,TRUE,17096.650139666694,0.16899403663325296,36,62,14627.187910327213,0.9600484750021206,0.1444412916662529,79.10544383688676
910-100-020-000,TENSOR CHICHARRA 3/8 - 1/2,0,FALSE,55718.45509362169,0,33,34,22507.034969826014,0.9508185231326052,0.5960578064842561,95.08185231326051
397-490-040-060,CINTA G8 QOSH4A 13mm X 6m,0,FALSE,50168.15947368421,0,0,1,15308.391987117551,1,0.6948584092436639,100
264-290-180-000,CRAMPON 10 PUNTAS CON ANTIBOTAS 2851 ALLOY STEEL,61,TRUE,71309.32298236199,0.9196142970884561,11,14,30431.599948203537,0.9511643597014717,0.5732451427742394,3.155006261301563
541-120-004-015,"CINTA TUBULAR EE 4t X 1,5m",0,FALSE,43350.76614035088,0,22,33,18221.248601083666,0.9543523241799123,0.5796787410379045,95.43523241799123
901-170-030-000,"WINCHE DE PALANCA 1,5t",0,FALSE,42381.57400604102,0,10,11,35540.86373754872,0.9505296770919995,0.161407650115053,95.05296770919995
264-240-160-000,CRAMPON 12 PUNTAS DOBLE CON ANTIBOTAS 4851 ALLOY STEEL,94,TRUE,295862.8740250668,0.7913351330952941,9,10,53538.24530018053,0.9526612400735351,0.8190437192344567,16.132610697824102
424-100-020-020,CINTA PLANA EE2-602 X 2m TIPO 3,0,FALSE,40078.76282880421,0,54,74,15349.823805362816,0.9517299041781894,0.6170085421316686,95.17299041781894
433-100-020-010,CINTA PLANA EE3-602 X 1m TIPO 3,0,FALSE,32732.037436668594,0,36,45,13204.106847384648,0.9528781730537652,0.5965999100137734,95.28781730537652
613-200-060-000,MOSQUETON CINTA DE ANCLAJE CONECTOR G8 13mm,0,FALSE,37997.17833255106,0,33,37,15406.451207050595,0.9518817598237241,0.5945369660817066,95.18817598237241
631-130-080-000,CONECTOR RAPIDO OVALADO ROSCADO 5/8,171,TRUE,14633.277975217543,0.8139369897353171,90,120,14358.37608015429,0.9500741912546031,0.01878607756435829,13.613720151928598
424-100-020-040,CINTA PLANA EE2-602 X 4m TIPO 3,0,FALSE,35022.89521148049,0,21,37,12046.74547427002,0.9547713115568912,0.656032278270327,95.47713115568912
901-140-020-000,WINCHE MANUAL 1t,5,TRUE,14764.389583011402,0.7480939928920158,5,9,16254.600526822724,0.951767062763959,-0.10093278394157444,20.36730698719431
541-120-002-035,"CINTA TUBULAR EE 2t X 3,5m",0,FALSE,29292.00824561403,0,24,33,18612.614591777034,0.9529847564589403,0.36458386752762334,95.29847564589403
433-100-030-080,CINTA PLANA EE3-603 X 8m TIPO 3,0,FALSE,29311.111121998503,0,9,13,15072.152430411361,0.9518486437554374,0.4857870666288237,95.18486437554374
424-100-020-015,"CINTA PLANA EE2-602 X 1,5m TIPO 3",34,TRUE,12402.997995391454,0.7377758590939183,32,49,11218.647903827572,0.9515804887555206,0.09548901741368877,21.38046296616023
901-140-010-000,"WINCHE MANUAL 0,5t",5,TRUE,12659.091562199312,0.783093892621697,2,8,11409.262861981733,0.9521565981294685,0.09872973065062822,16.906270550777148
901-140-050-000,WINCHE MANUAL 3t,4,TRUE,17679.340311285538,0.6973795815166104,26,27,84564.49660832618,0.9510222223509437,-3.78323823849608,25.36426408343333
901-170-070-000,WINCHE DE PALANCA 9t,0,FALSE,26916.383245614034,0,0,1,11240.682278582932,1,0.5823851155628579,100
631-130-140-000,CONECTOR RAPIDO OVALADO ROSCADO 1,16,TRUE,12884.413894497176,0.7215521610377024,12,34,9503.783481748329,0.9544790250250094,0.2623813888959812,23.2926863987307
433-100-020-020,CINTA PLANA EE3-602 X 2m TIPO 3,0,FALSE,27258.622832659094,0,18,37,10642.87941981743,0.9585452314944429,0.6095591664643459,95.85452314944429
694-190-020-000,ANCLA VERTICAL ARTICULADA 2t,0,FALSE,23492.962836311377,0,11,12,28160.569390750148,0.95165536357739,-0.19868105129866329,95.165536357739
901-170-025-000,WINCHE DE PALANCA 1t,2,TRUE,15312.932201817104,0.6210189706023538,8,9,23260.616170164405,0.9505842165272845,-0.5190177729255663,32.956524592493075
442-100-040-060,CINTA PLANA EE4-604 X 6m TIPO 3,0,FALSE,23575.472028982902,0,3,6,13239.769520765467,0.9508238047870566,0.4384091438555744,95.08238047870566
433-100-020-060,CINTA PLANA EE3-602 X 6m CON PROTECCION TUBULAR,0,FALSE,23084.192205336003,0,8,15,11071.468048190536,0.952530774794633,0.5203874604010912,95.2530774794633
901-170-020-000,"WINCHE DE PALANCA 0,75t",0,FALSE,22577.622756131947,0,2,7,10285.937919436637,0.9554728666549179,0.5444189128971499,95.5472866654918
271-190-020-000,ANCLAJE SOLDABLE 3t,8,TRUE,10149.159816402766,0.619755144815948,24,40,9750.422485803641,0.9541457869410394,0.03928771817689745,33.43906421250914
433-100-020-080,CINTA PLANA EE3-602 X 8m TIPO 3,0,FALSE,21329.692002372965,0,12,18,14156.292665003304,0.9500944481002842,0.3363104978999044,95.00944481002843
901-140-040-000,WINCHE MANUAL 2t,5,TRUE,11470.921892024187,0.8459403194468266,2,4,11302.303818551642,0.9729461020664765,0.014699609591953296,12.70057826196499
334-100-030-000,CONECTOR GIRATORIO G8 8mm,46,TRUE,7507.50084514353,0.7576592411283465,40,53,8769.3050547059,0.9516348462475174,-0.16807246986573549,19.39756051191709
631-130-100-000,CONECTOR RAPIDO OVALADO ROSCADO 3/4,78,TRUE,8968.752050919198,0.8925853852229708,12,52,7554.057418908271,0.9512542876201673,0.15773595077432614,5.8668902397196465
433-100-020-015,"CINTA PLANA EE3-602 X 1,5m TIPO 3",0,FALSE,20212.07798362434,0,10,31,8485.997125474112,0.9524844696285374,0.5801521678102866,95.24844696285373
739-110-012-000,POLEA DE RESCATE SIMPLE CON CONECTOR RAPIDO 2t,9,TRUE,11235.491206482211,0.9117028199056096,1,6,9172.947749445777,0.9512083835702374,0.18357394609026698,3.9505563664627763
613-450-040-000,MOSQUETON DE SEGURO CONECTOR G8 10mm,0,FALSE,18488.863943110828,0,7,17,9725.26760639391,0.9502874014300319,0.4739932298534945,95.02874014300319
424-100-020-010,CINTA PLANA EE2-602 X 1m TIPO 3,0,FALSE,18748.821754385965,0,15,43,7757.188487116187,0.9505491156019159,0.5862572811914687,95.05491156019158
433-100-020-030,CINTA PLANA EE3-602 X 3m TIPO 3,0,FALSE,17385.783210261743,0,9,20,9354.381765591148,0.9501707498265425,0.4619522369248318,95.01707498265425
442-100-020-020,CINTA PLANA EE4-602 X 2m TIPO 3,0,FALSE,17441.14018334613,0,7,19,8469.058538405989,0.9517320847963477,0.514420591235614,95.17320847963478
264-290-080-000,CRAMPON 10 PUNTAS CON ANTIBOTAS 2819 ALLOY STEEL,58,TRUE,42498.73808533866,0.7508699246559815,30,31,31355.02673071047,0.9302681483473102,0.26221275870006544,17.939822369132873
289-110-230-000,CARRO PORTA WINCHE DE ARRASTRE 2t,0,FALSE,15568.128811150245,0,5,7,17425.59531521737,0.9528136941137985,-0.11931212328721014,95.28136941137984
631-130-120-000,CONECTOR RAPIDO OVALADO ROSCADO 7/8,26,TRUE,7800.346969899954,0.8018516748338604,10,39,7438.622748815464,0.9508649437002162,0.046372837321251886,14.90132688663558
424-100-030-030,CINTA PLANA EE2-603 X 3m TIPO 3,0,FALSE,16626.564097865634,0,3,15,6452.939303454199,0.9518599160783793,0.6118897888059405,95.18599160783793
442-100-020-015,"CINTA PLANA EE4-602 X 1,5m TIPO 3",0,FALSE,15304.227120818943,0,36,41,12296.791208666862,0.95281879156503,0.19651014640660602,95.281879156503
541-120-002-030,CINTA TUBULAR EE 2t X 3m,0,FALSE,14317.457574777367,0,7,12,9410.775428878085,0.9559846855154976,0.34270624657154464,95.59846855154976
613-460-040-000,MOSQUETON DE SEGURO GIRATORIO G8 10mm,1,TRUE,15802.273338680483,0.18517395250697755,3,6,6934.491723048161,0.9818668104913688,0.561171258436971,79.66928579843912
901-170-010-000,"WINCHE DE PALANCA 0,5t",0,FALSE,14578.85151435883,0,2,5,8839.776745230198,0.9549683371208904,0.39365753629331984,95.49683371208903
298-110-060-000,CASQUILLO DE PRENSADO PARA CUERDA 3/4,0,FALSE,14182.80214771383,0,48,110,7180.448429537917,0.9573809668714687,0.4937214554110271,95.73809668714686
613-460-060-000,MOSQUETON DE SEGURO GIRATORIO G8 13mm,3,TRUE,8658.07670866996,0.7590253236759155,6,7,15870.806285331713,0.9505779040529589,-0.833063718347416,19.15525803770435
264-280-070-000,CRAMPON 10 PUNTAS CON ANTIBOTAS 1854 ALLOY STEEL,25,TRUE,13392.614904914595,0.904638360569107,3,7,7752.307313650852,0.9750985954858954,0.42115058420696905,7.046023491678843
901-140-030-000,"WINCHE MANUAL 1,5t",0,FALSE,13347.354473684209,0,1,3,8109.925330760009,0.9559189669028777,0.39239454929067574,95.59189669028777
613-260-080-000,MOSQUETON GIRATORIO 10t,0,FALSE,12238.949134251148,0,34,35,72299.62303018717,0.9501056822161598,-4.907339121775907,95.01056822161598
424-100-020-030,CINTA PLANA EE2-602 X 3m TIPO 3,0,FALSE,12940.840481970237,0,4,25,5450.4280902052615,0.9542530302727162,0.5788196216622062,95.42530302727162
433-100-030-060,CINTA PLANA EE3-603 X 6m TIPO 3,0,FALSE,12214.319452687827,0,22,23,18364.068161478677,0.9524695333180392,-0.5034868076450681,95.24695333180392
928-110-010-000,"CINTA RATCHET DE EXPEDICION GDJ - GDJ 1 X 4,5m",0,FALSE,12408.639253891415,0,15,49,5990.193419503064,0.9501021046184637,0.5172562198853103,95.01021046184637
