sku,p_venta,n_pos,dist_ganadora,aic_normal,aic_gamma,aic_lnorm,par1,par2,descripcion,monto_total
739-120-035-000,0.6666666666666666,12,gamma,97.73387888754199,94.4839930038165,96.9357897216317,1.6346612586244191,0.09615787464310205,POLEA DE RESCATE SIMPLE CON MOSQUETON 4t,41921221
739-110-014-000,0.6111111111111112,11,lnorm,111.09030012134644,90.99982684925773,88.75743116106915,2.14613698546475,1.3331372360218838,POLEA DE RESCATE SIMPLE CON CONECTOR RAPIDO 4t,39622271
424-100-010-010,0.8888888888888888,16,lnorm,224.47328452925655,NA,200.46753865132132,3.902668704015323,2.2659709569275277,CINTA PLANA EE2-601 X 1m TIPO 3,18411483
541-120-005-030,0.4444444444444444,8,lnorm,75.10088417313042,71.56596443936677,71.20487564886909,3.122932631538255,0.7106562524033146,CINTA TUBULAR EE 5t X 3m,12204912
271-190-040-000,0.5,9,lnorm,105.3885464848765,88.74579676116464,85.54981096231361,2.913755722311428,1.2187805356955916,ANCLAJE SOLDABLE 8t,11643878
739-110-015-000,0.3333333333333333,6,lnorm,45.73877480802571,39.59526631518964,38.539087384537844,1.453871879137918,1.0054617308670306,POLEA DE RESCATE SIMPLE CON CONECTOR RAPIDO 5t,11078243
901-170-060-000,0.4444444444444444,8,gamma,40.49853097230362,38.41935449548126,38.41940670786046,2.627092284657408,0.6780315166593593,WINCHE DE PALANCA 6t,8733433
739-120-020-000,0.6666666666666666,12,lnorm,96.99166852506585,80.65276683147064,78.00640037259208,1.5517268968198479,1.1195586951811074,POLEA DE RESCATE SIMPLE CON MOSQUETON 2t,8307389
541-120-003-020,0.5,9,lnorm,99.2060036077112,84.1158817223039,83.04633842925328,2.4689317503505763,1.6546557191636786,CINTA TUBULAR EE 3t X 2m,7405061
613-460-080-000,0.6666666666666666,12,lnorm,49.4434914532779,43.510883251981596,42.188350387433715,0.7495970825259292,0.561381623133856,MOSQUETON DE SEGURO GIRATORIO G8 16mm,7056338
271-190-030-000,0.7777777777777778,14,lnorm,142.29885164985075,119.75097860809313,116.94364525873807,2.4133786908504433,1.2230948297436528,"ANCLAJE SOLDABLE 5,3t",6038172
910-100-030-000,0.3888888888888889,7,normal,53.083652206840945,54.070933925919846,55.0019689264718,18.857142857142858,8.060991988380504,TENSOR CHICHARRA 1/2 - 5/8,5593872
613-460-100-000,0.4444444444444444,8,lnorm,28.07781858668804,24.481476059706207,23.247709233554605,0.3972567287934932,0.5416076487908398,MOSQUETON DE SEGURO GIRATORIO G8 20mm,5267598
424-100-020-060,0.9444444444444444,17,gamma,133.7436426327319,128.14952853645497,129.57684125611016,1.7245510402022548,0.11276063638705368,CINTA PLANA EE2-602 X 6m TIPO 3,4874975
739-120-030-000,0.6111111111111112,11,gamma,30.101018472088292,28.613662271313167,28.671588034097397,7.244177643818542,3.4644388537317066,POLEA DE RESCATE SIMPLE CON MOSQUETON 3t,4837522
262-170-070-000,0.3333333333333333,6,gamma,64.67887338806707,60.50804033582865,61.07454016071037,0.8536799216683321,0.020732738486964792,CUERDA G8 TRENZADO CORTO 13mm,4801276.806451613
264-290-100-000,0.5,9,gamma,56.54681912469454,55.91629021876457,56.81123692733275,2.4618896416312683,0.3120126943052734,CRAMPON 10 PUNTAS CON ANTIBOTAS 2828 ALLOY STEEL,4475410
928-110-040-000,0.7777777777777778,14,gamma,123.91079994991419,121.94556238882141,123.23418826758703,2.3780768769939398,0.08079988878218249,CINTA RATCHET DE EXPEDICION GDJ - GDJ 2 X 9m,4253391
910-100-020-000,0.4444444444444444,8,lnorm,74.37428910586246,66.87822621290292,66.59625495684058,2.31200506296519,1.1988015370691414,TENSOR CHICHARRA 3/8 - 1/2,4251503
397-490-040-060,0.2777777777777778,5,constante,NA,NA,NA,1,0,CINTA G8 QOSH4A 13mm X 6m,4250021
264-290-180-000,0.2777777777777778,5,lnorm,37.31517069407915,33.276251172676005,31.863250361998325,1.7414965835718739,0.6879011831019666,CRAMPON 10 PUNTAS CON ANTIBOTAS 2851 ALLOY STEEL,4056245
541-120-004-015,0.2777777777777778,5,normal,41.011126289385906,42.33267149095652,43.26659433647083,28,9.797958971132712,"CINTA TUBULAR EE 4t X 1,5m",3665673
901-170-030-000,0.6666666666666666,12,lnorm,48.078384828998004,42.19131531471072,40.47836070907929,0.5570509773056606,0.6337771946552918,"WINCHE DE PALANCA 1,5t",3566611
264-240-160-000,0.2777777777777778,5,lnorm,25.316960703412587,22.671557392770957,22.064171906015005,0.7327123292259293,0.7080548816562013,CRAMPON 12 PUNTAS DOBLE CON ANTIBOTAS 4851 ALLOY STEEL,3541564
424-100-020-020,0.9444444444444444,17,gamma,157.36631319504468,147.09634532710982,148.96033739255967,0.9549379064755904,0.03855435707655143,CINTA PLANA EE2-602 X 2m TIPO 3,3264444
433-100-020-010,0.7777777777777778,14,lnorm,142.79528567108972,113.9034008037094,108.08833069841945,2.044446647032424,1.2892429708997282,CINTA PLANA EE3-602 X 1m TIPO 3,3037963
613-200-060-000,0.5,9,lnorm,85.4728109169547,76.28203197479128,75.13907993570015,2.3423279411074245,1.2103440199735467,MOSQUETON CINTA DE ANCLAJE CONECTOR G8 13mm,3007261
631-130-080-000,0.9444444444444444,17,lnorm,186.4283128684742,159.96669082491655,156.11331582443952,2.8652682400670333,1.208904140686002,CONECTOR RAPIDO OVALADO ROSCADO 5/8,2871888
424-100-020-040,0.8888888888888888,16,lnorm,125.2415781195257,115.9008091017231,114.84596618799115,2.1983981511241626,0.8577863318767261,CINTA PLANA EE2-602 X 4m TIPO 3,2796864
901-140-020-000,0.5555555555555556,10,lnorm,46.63392140682517,41.25054333712294,40.155646208542585,0.8030084094267562,0.660892138179576,WINCHE MANUAL 1t,2541451
541-120-002-035,0.2222222222222222,4,normal,35.59396917124249,36.9964428630588,38.85580714693596,22.75,12.55736835487436,"CINTA TUBULAR EE 2t X 3,5m",2470658
433-100-030-080,0.4444444444444444,8,gamma,48.232961193561394,46.66672062827691,47.4735387300667,2.0631460751771638,0.34383819388936987,CINTA PLANA EE3-603 X 8m TIPO 3,2432072
424-100-020-015,0.7777777777777778,14,gamma,126.64156566904612,117.88479126396786,118.68577195623655,1.1218188923110666,0.0520135348955993,"CINTA PLANA EE2-602 X 1,5m TIPO 3",2397972
901-140-010-000,0.5,9,gamma,35.779218222723614,34.437097472881675,34.64347190297852,4.459380502573914,1.486388078110758,"WINCHE MANUAL 0,5t",2294298
901-140-050-000,0.3333333333333333,6,lnorm,30.1618216111229,25.859394612044788,24.628084018107035,0.6229449363805614,0.7240632937750406,WINCHE MANUAL 3t,2290261
901-170-070-000,0.2222222222222222,4,constante,NA,NA,NA,1,0,WINCHE DE PALANCA 9t,2267033
631-130-140-000,0.8333333333333334,15,gamma,103.35219764178167,101.38162010240806,103.90022790644085,2.0783096515862862,0.19366931513114205,CONECTOR RAPIDO OVALADO ROSCADO 1,2214946
433-100-020-020,0.8888888888888888,16,gamma,115.08031968962254,109.81961891202067,111.47709794013335,1.4547775419933986,0.13937660938601615,CINTA PLANA EE3-602 X 2m TIPO 3,2176060
694-190-020-000,0.2222222222222222,4,lnorm,27.83876471373766,24.21030722269941,22.959597911548453,1.1610977247853431,0.810514118027896,ANCLA VERTICAL ARTICULADA 2t,2113696
901-170-025-000,0.4444444444444444,8,lnorm,32.96509124527182,29.977993841401922,29.277037094858077,0.5984364678477557,0.6456096707747492,WINCHE DE PALANCA 1t,1942004
442-100-040-060,0.4444444444444444,8,lnorm,30.889001681391147,28.482833213512205,28.079759786596583,0.6491196063612763,0.569456345620634,CINTA PLANA EE4-604 X 6m TIPO 3,1939944
433-100-020-060,0.5,9,gamma,54.24065420514187,52.471411995173646,52.699664368704255,2.2584429599562936,0.3566439312097743,CINTA PLANA EE3-602 X 6m CON PROTECCION TUBULAR,1888705
901-170-020-000,0.5,9,lnorm,33.65912358090871,31.591653083862703,31.384372003622143,0.7629925871624313,0.5165531352204883,"WINCHE DE PALANCA 0,75t",1840263
271-190-020-000,0.5555555555555556,10,lnorm,90.82464417656568,81.17230663149273,78.47485724234805,2.5290311187807486,0.7991338783498274,ANCLAJE SOLDABLE 3t,1792977
433-100-020-080,0.3333333333333333,6,gamma,42.12631176749497,39.99662276350328,40.85108386016887,1.7507598276058738,0.2188073556681192,CINTA PLANA EE3-602 X 8m TIPO 3,1767827
901-140-040-000,0.3333333333333333,6,gamma,20.320564184517774,19.804830768423862,19.965839391746023,5.936373476707377,2.5440168586093943,WINCHE MANUAL 2t,1747305
334-100-030-000,0.5555555555555556,10,lnorm,113.41882405948847,88.92925527365922,83.54661390372607,2.2992997105069377,1.2957535936212061,CONECTOR GIRATORIO G8 8mm,1713155
631-130-100-000,0.8333333333333334,15,lnorm,117.8869439537715,106.86283506733955,104.55871691996569,2.3852225405744836,0.6362244665297576,CONECTOR RAPIDO OVALADO ROSCADO 3/4,1622649
433-100-020-015,0.6111111111111112,11,gamma,74.65049714331596,73.32862246202531,74.30052977417199,2.5055659961349592,0.241774003488313,"CINTA PLANA EE3-602 X 1,5m TIPO 3",1622288
739-110-012-000,0.3888888888888889,7,gamma,22.085500496175733,21.330932505491514,21.437515303588956,6.774566344142352,2.9639193745231944,POLEA DE RESCATE SIMPLE CON CONECTOR RAPIDO 2t,1509574
613-450-040-000,0.5555555555555556,10,gamma,56.25722003354215,54.14766322123627,55.07572847238193,2.0412315713301337,0.4002229204197865,MOSQUETON DE SEGURO CONECTOR G8 10mm,1484477
424-100-020-010,0.8333333333333334,15,normal,105.94666494404176,106.61857505928299,109.93871972357664,13.466666666666667,7.2375563709184485,CINTA PLANA EE2-602 X 1m TIPO 3,1456721
433-100-020-030,0.5555555555555556,10,lnorm,68.36831812995294,59.26725857470722,57.07613284242621,1.485445776431065,0.7783510250766125,CINTA PLANA EE3-602 X 3m TIPO 3,1441219
442-100-020-020,0.5,9,gamma,54.740782865535174,53.40872636427215,53.893199210814956,2.6088001013009814,0.3726585740589834,CINTA PLANA EE4-602 X 2m TIPO 3,1404660
264-290-080-000,0.3333333333333333,6,lnorm,41.88385453746771,35.066041991947024,33.54824010235407,0.8539939965672098,1.2085494176987297,CRAMPON 10 PUNTAS CON ANTIBOTAS 2819 ALLOY STEEL,1360983
289-110-230-000,0.2222222222222222,4,lnorm,20.571303152301134,18.648821639833308,18.156563475685623,0.7945134575869863,0.641541402845033,CARRO PORTA WINCHE DE ARRASTRE 2t,1309034
631-130-120-000,0.7222222222222222,13,lnorm,88.90539943650718,83.92521671509283,83.74028643520829,1.9815376801388491,0.7163817242343259,CONECTOR RAPIDO OVALADO ROSCADO 7/8,1288880
424-100-030-030,0.7777777777777778,14,lnorm,66.82248438840003,63.64948992942072,63.13424313598313,1.3116252343949408,0.5386838050643115,CINTA PLANA EE2-603 X 3m TIPO 3,1283001
442-100-020-015,0.2222222222222222,4,gamma,39.33731662011347,37.42284895499206,37.48029055845,0.975635277307057,0.040654080490767464,"CINTA PLANA EE4-602 X 1,5m TIPO 3",1271787
541-120-002-030,0.2222222222222222,4,lnorm,25.185587844096602,24.263648860231353,23.919468836775973,2.1646731884224844,0.334982121569604,CINTA TUBULAR EE 2t X 3m,1191697
613-460-040-000,0.3333333333333333,6,normal,17.79328339405995,18.448737983639134,18.80817860917717,5.5,0.7637626158259734,MOSQUETON DE SEGURO GIRATORIO G8 10mm,1191650
901-170-010-000,0.4444444444444444,8,lnorm,26.186708362174198,22.962864997982717,21.971114576571384,0.4332169878499658,0.4824100212647213,"WINCHE DE PALANCA 0,5t",1181244
298-110-060-000,0.3888888888888889,7,lnorm,66.48553753379683,65.29187339203047,64.8784040948267,4.010375038664655,0.33930490993297024,CASQUILLO DE PRENSADO PARA CUERDA 3/4,1148166
613-460-060-000,0.3888888888888889,7,lnorm,25.512338073406674,22.835963885187844,22.01119233308946,0.45400769004970654,0.55630838724497,MOSQUETON DE SEGURO GIRATORIO G8 13mm,1131982
264-280-070-000,0.2222222222222222,4,lnorm,16.03890929334402,15.748723864610179,15.637682111668704,1.8180995981425114,0.1682460365929924,CRAMPON 10 PUNTAS CON ANTIBOTAS 1854 ALLOY STEEL,1106267
901-140-030-000,0.2777777777777778,5,normal,13.607931672675953,13.829500032518421,14.174637898941956,2,0.6324555320336759,"WINCHE MANUAL 1,5t",1093952
613-260-080-000,0.2222222222222222,4,gamma,18.595229130502698,17.955395036051748,17.964582345463626,2.3942489176770985,0.9577553612653917,MOSQUETON GIRATORIO 10t,1009026
424-100-020-030,0.7777777777777778,14,lnorm,83.95534043110965,75.68675444871013,72.7485532121415,1.6414532848225585,0.5460272772427595,CINTA PLANA EE2-602 X 3m TIPO 3,993209
433-100-030-060,0.2777777777777778,5,lnorm,33.78797659872164,30.77852923959406,30.71761778406841,1.2080509422554828,1.045789709561426,CINTA PLANA EE3-603 X 6m TIPO 3,930847
928-110-010-000,0.8888888888888888,16,lnorm,122.50770704325768,108.67573706173022,105.70776201883217,1.8815032717019164,0.8850826559178167,"CINTA RATCHET DE EXPEDICION GDJ - GDJ 1 X 4,5m",924388
